Job 0: Run SIG035.A0101 through kraken2 database w/bacteria, archaea, human	11761885 sequences (724.23 Mbp) processed in 12.952s (54488.7 Kseq/m, 3355.12 Mbp/m).	  198706 sequences classified (1.69%)	  11563179 sequences unclassified (98.31%)
Job 0: Run EFE004.B0101 through kraken2 database w/bacteria, archaea, human	11845024 sequences (768.94 Mbp) processed in 24.690s (28785.3 Kseq/m, 1868.63 Mbp/m).	  568373 sequences classified (4.80%)	  11276651 sequences unclassified (95.20%)
Job 0: Run SIG043.A0101 through kraken2 database w/bacteria, archaea, human	11495611 sequences (906.69 Mbp) processed in 29.616s (23289.3 Kseq/m, 1836.89 Mbp/m).	  449036 sequences classified (3.91%)	  11046575 sequences unclassified (96.09%)
Job 0: Run HPD005.B0101 through kraken2 database w/bacteria, archaea, human	11098628 sequences (728.82 Mbp) processed in 23.254s (28637.1 Kseq/m, 1880.53 Mbp/m).	  404320 sequences classified (3.64%)	  10694308 sequences unclassified (96.36%)
Job 0: Run HCLVMBCX2-3505-32-00-01_S32 through kraken2 database w/bacteria, archaea, human	4241355 sequences (328.40 Mbp) processed in 9.400s (27073.6 Kseq/m, 2096.24 Mbp/m).	  73870 sequences classified (1.74%)	  4167485 sequences unclassified (98.26%)
Job 0: Run SIG046.A0101 through kraken2 database w/bacteria, archaea, human	14154728 sequences (1105.25 Mbp) processed in 58.001s (14642.6 Kseq/m, 1143.34 Mbp/m).	  1101110 sequences classified (7.78%)	  13053618 sequences unclassified (92.22%)
Job 0: Run ATT002.A0101 through kraken2 database w/bacteria, archaea, human	11082283 sequences (781.26 Mbp) processed in 28.046s (23708.9 Kseq/m, 1671.40 Mbp/m).	  628985 sequences classified (5.68%)	  10453298 sequences unclassified (94.32%)
Job 0: Run NMU059.A0101.SG1.1 through kraken2 database w/bacteria, archaea, human	3512858 sequences (171.52 Mbp) processed in 6.073s (34703.7 Kseq/m, 1694.43 Mbp/m).	  3779 sequences classified (0.11%)	  3509079 sequences unclassified (99.89%)
Job 0: Run SIG026.A0101.SG1.1 through kraken2 database w/bacteria, archaea, human	3901216 sequences (201.00 Mbp) processed in 4.174s (56073.5 Kseq/m, 2889.04 Mbp/m).	  2873 sequences classified (0.07%)	  3898343 sequences unclassified (99.93%)
Job 0: Run HCLVMBCX2-3505-28-00-01_S28 through kraken2 database w/bacteria, archaea, human	7059587 sequences (303.59 Mbp) processed in 17.489s (24219.5 Kseq/m, 1041.52 Mbp/m).	  41353 sequences classified (0.59%)	  7018234 sequences unclassified (99.41%)
Job 0: Run TAP001.B0101 through kraken2 database w/bacteria, archaea, human	11516576 sequences (748.72 Mbp) processed in 14.207s (48637.9 Kseq/m, 3162.05 Mbp/m).	  578883 sequences classified (5.03%)	  10937693 sequences unclassified (94.97%)
Job 0: Run NMU089.A0101.SG1.1 through kraken2 database w/bacteria, archaea, human	4090248 sequences (203.62 Mbp) processed in 7.790s (31505.1 Kseq/m, 1568.36 Mbp/m).	  3923 sequences classified (0.10%)	  4086325 sequences unclassified (99.90%)
Job 0: Run HCLVMBCX2-3505-25-00-01_S25 through kraken2 database w/bacteria, archaea, human	4686590 sequences (290.47 Mbp) processed in 14.692s (19139.9 Kseq/m, 1186.27 Mbp/m).	  65780 sequences classified (1.40%)	  4620810 sequences unclassified (98.60%)
Job 0: Run TAP003.B0101 through kraken2 database w/bacteria, archaea, human	10735851 sequences (700.09 Mbp) processed in 16.819s (38299.0 Kseq/m, 2497.48 Mbp/m).	  538184 sequences classified (5.01%)	  10197667 sequences unclassified (94.99%)
Job 0: Run EXB037.A3401 through kraken2 database w/bacteria, archaea, human	218333 sequences (15.08 Mbp) processed in 1.036s (12640.1 Kseq/m, 873.01 Mbp/m).	  7852 sequences classified (3.60%)	  210481 sequences unclassified (96.40%)
Job 0: Run NMU014.A0101.SG1.1 through kraken2 database w/bacteria, archaea, human	3615604 sequences (189.32 Mbp) processed in 12.072s (17970.2 Kseq/m, 940.95 Mbp/m).	  3975 sequences classified (0.11%)	  3611629 sequences unclassified (99.89%)
Job 0: Run LIB030.A0114 through kraken2 database w/bacteria, archaea, human	1033102 sequences (64.02 Mbp) processed in 2.963s (20919.1 Kseq/m, 1296.37 Mbp/m).	  7358 sequences classified (0.71%)	  1025744 sequences unclassified (99.29%)
Job 0: Run SIG021.A0101.SG1.1 through kraken2 database w/bacteria, archaea, human	4679693 sequences (256.90 Mbp) processed in 19.459s (14429.0 Kseq/m, 792.12 Mbp/m).	  3079 sequences classified (0.07%)	  4676614 sequences unclassified (99.93%)
Job 0: Run HPD003.A0101.SG1.1 through kraken2 database w/bacteria, archaea, human	3672010 sequences (183.00 Mbp) processed in 6.559s (33592.6 Kseq/m, 1674.12 Mbp/m).	  9429 sequences classified (0.26%)	  3662581 sequences unclassified (99.74%)
Job 0: Run HPD001.A0101.SG1.1 through kraken2 database w/bacteria, archaea, human	4373945 sequences (239.78 Mbp) processed in 8.700s (30164.8 Kseq/m, 1653.66 Mbp/m).	  8757 sequences classified (0.20%)	  4365188 sequences unclassified (99.80%)
Job 0: Run NMU124.A0101 through kraken2 database w/bacteria, archaea, human	11144570 sequences (623.64 Mbp) processed in 17.566s (38065.4 Kseq/m, 2130.11 Mbp/m).	  321804 sequences classified (2.89%)	  10822766 sequences unclassified (97.11%)
Job 0: Run NMU020.A0101.SG1.1 through kraken2 database w/bacteria, archaea, human	4273523 sequences (232.81 Mbp) processed in 7.238s (35424.5 Kseq/m, 1929.84 Mbp/m).	  5846 sequences classified (0.14%)	  4267677 sequences unclassified (99.86%)
Job 0: Run RAP002.A0101 through kraken2 database w/bacteria, archaea, human	10359114 sequences (712.54 Mbp) processed in 18.478s (33637.7 Kseq/m, 2313.73 Mbp/m).	  287991 sequences classified (2.78%)	  10071123 sequences unclassified (97.22%)
Job 0: Run ANN003.A0101 through kraken2 database w/bacteria, archaea, human	11146676 sequences (701.06 Mbp) processed in 20.250s (33027.8 Kseq/m, 2077.24 Mbp/m).	  521085 sequences classified (4.67%)	  10625591 sequences unclassified (95.33%)
Job 0: Run TON001.C0101 through kraken2 database w/bacteria, archaea, human	9064524 sequences (488.95 Mbp) processed in 17.272s (31488.3 Kseq/m, 1698.51 Mbp/m).	  57962 sequences classified (0.64%)	  9006562 sequences unclassified (99.36%)
Job 0: Run HCLVMBCX2-3505-17-00-01_S17 through kraken2 database w/bacteria, archaea, human	11048267 sequences (526.75 Mbp) processed in 14.287s (46398.5 Kseq/m, 2212.15 Mbp/m).	  91155 sequences classified (0.83%)	  10957112 sequences unclassified (99.17%)
Job 0: Run HCLVMBCX2-3505-29-00-01_S29 through kraken2 database w/bacteria, archaea, human	4465978 sequences (274.25 Mbp) processed in 6.551s (40904.6 Kseq/m, 2511.90 Mbp/m).	  53240 sequences classified (1.19%)	  4412738 sequences unclassified (98.81%)
Job 0: Run SIG010.A0101.SG1.1 through kraken2 database w/bacteria, archaea, human	4851848 sequences (275.35 Mbp) processed in 5.474s (53180.2 Kseq/m, 3018.01 Mbp/m).	  5306 sequences classified (0.11%)	  4846542 sequences unclassified (99.89%)
Job 0: Run TON005.B0101 through kraken2 database w/bacteria, archaea, human	14490667 sequences (821.84 Mbp) processed in 46.804s (18576.2 Kseq/m, 1053.55 Mbp/m).	  129292 sequences classified (0.89%)	  14361375 sequences unclassified (99.11%)
Job 0: Run HCLVMBCX2-3505-10-00-01_S10 through kraken2 database w/bacteria, archaea, human	3931328 sequences (181.95 Mbp) processed in 4.103s (57494.4 Kseq/m, 2660.89 Mbp/m).	  44609 sequences classified (1.13%)	  3886719 sequences unclassified (98.87%)
Job 0: Run PAH001.A0102 through kraken2 database w/bacteria, archaea, human	8670368 sequences (454.18 Mbp) processed in 15.717s (33099.1 Kseq/m, 1733.81 Mbp/m).	  41848 sequences classified (0.48%)	  8628520 sequences unclassified (99.52%)
Job 0: Run NMU131.A0101 through kraken2 database w/bacteria, archaea, human	9302467 sequences (593.58 Mbp) processed in 50.488s (11055.1 Kseq/m, 705.41 Mbp/m).	  53311 sequences classified (0.57%)	  9249156 sequences unclassified (99.43%)
Job 0: Run NMU130.A0101 through kraken2 database w/bacteria, archaea, human	12656199 sequences (728.47 Mbp) processed in 25.494s (29785.8 Kseq/m, 1714.43 Mbp/m).	  479915 sequences classified (3.79%)	  12176284 sequences unclassified (96.21%)
Job 0: Run FUT021.B0101 through kraken2 database w/bacteria, archaea, human	7362862 sequences (346.52 Mbp) processed in 7.543s (58570.3 Kseq/m, 2756.52 Mbp/m).	  101720 sequences classified (1.38%)	  7261142 sequences unclassified (98.62%)
Job 0: Run NMU047.A0101.SG1.1 through kraken2 database w/bacteria, archaea, human	4524824 sequences (231.77 Mbp) processed in 7.827s (34685.0 Kseq/m, 1776.61 Mbp/m).	  4605 sequences classified (0.10%)	  4520219 sequences unclassified (99.90%)
Job 0: Run SIG004.A0101.SG1.1 through kraken2 database w/bacteria, archaea, human	4490695 sequences (251.01 Mbp) processed in 8.643s (31174.3 Kseq/m, 1742.51 Mbp/m).	  5973 sequences classified (0.13%)	  4484722 sequences unclassified (99.87%)
Job 0: Run SIG046.A0201 through kraken2 database w/bacteria, archaea, human	13731650 sequences (995.60 Mbp) processed in 39.712s (20746.7 Kseq/m, 1504.22 Mbp/m).	  490647 sequences classified (3.57%)	  13241003 sequences unclassified (96.43%)
Job 0: Run NMU123.A0101 through kraken2 database w/bacteria, archaea, human	6490410 sequences (387.86 Mbp) processed in 12.823s (30370.3 Kseq/m, 1814.91 Mbp/m).	  212932 sequences classified (3.28%)	  6277478 sequences unclassified (96.72%)
Job 0: Run SIG047.A0101 through kraken2 database w/bacteria, archaea, human	10584550 sequences (688.89 Mbp) processed in 34.563s (18374.4 Kseq/m, 1195.89 Mbp/m).	  136450 sequences classified (1.29%)	  10448100 sequences unclassified (98.71%)
Job 0: Run AKI002.A0101 through kraken2 database w/bacteria, archaea, human	11259321 sequences (641.96 Mbp) processed in 43.310s (15598.3 Kseq/m, 889.34 Mbp/m).	  387957 sequences classified (3.45%)	  10871364 sequences unclassified (96.55%)
Job 0: Run NMU119.A0101 through kraken2 database w/bacteria, archaea, human	10942124 sequences (617.40 Mbp) processed in 12.167s (53959.7 Kseq/m, 3044.64 Mbp/m).	  344875 sequences classified (3.15%)	  10597249 sequences unclassified (96.85%)
Job 0: Run HCLVMBCX2-3505-24-00-01_S24 through kraken2 database w/bacteria, archaea, human	5691931 sequences (360.50 Mbp) processed in 12.549s (27215.3 Kseq/m, 1723.71 Mbp/m).	  148333 sequences classified (2.61%)	  5543598 sequences unclassified (97.39%)
Job 0: Run EXB037.A3301 through kraken2 database w/bacteria, archaea, human	1322112 sequences (88.84 Mbp) processed in 4.295s (18470.2 Kseq/m, 1241.17 Mbp/m).	  59041 sequences classified (4.47%)	  1263071 sequences unclassified (95.53%)
Job 0: Run SIG045.A0101 through kraken2 database w/bacteria, archaea, human	4090014 sequences (311.27 Mbp) processed in 18.524s (13247.5 Kseq/m, 1008.19 Mbp/m).	  164835 sequences classified (4.03%)	  3925179 sequences unclassified (95.97%)
Job 0: Run HCLVMBCX2-3505-14-00-01_S14 through kraken2 database w/bacteria, archaea, human	36272317 sequences (1873.19 Mbp) processed in 122.554s (17758.2 Kseq/m, 917.07 Mbp/m).	  795719 sequences classified (2.19%)	  35476598 sequences unclassified (97.81%)
Job 0: Run NMU129.A0101 through kraken2 database w/bacteria, archaea, human	9166900 sequences (463.33 Mbp) processed in 11.268s (48813.2 Kseq/m, 2467.22 Mbp/m).	  187506 sequences classified (2.05%)	  8979394 sequences unclassified (97.95%)
Job 0: Run HCLVMBCX2-3505-01-00-01_S1 through kraken2 database w/bacteria, archaea, human	3130568 sequences (135.88 Mbp) processed in 4.290s (43783.1 Kseq/m, 1900.44 Mbp/m).	  28177 sequences classified (0.90%)	  3102391 sequences unclassified (99.10%)
Job 0: Run NMU118.A0101 through kraken2 database w/bacteria, archaea, human	10760762 sequences (647.29 Mbp) processed in 24.392s (26470.1 Kseq/m, 1592.26 Mbp/m).	  419536 sequences classified (3.90%)	  10341226 sequences unclassified (96.10%)
Job 0: Run ANN004.A0101 through kraken2 database w/bacteria, archaea, human	10939434 sequences (710.92 Mbp) processed in 21.849s (30040.9 Kseq/m, 1952.26 Mbp/m).	  501510 sequences classified (4.58%)	  10437924 sequences unclassified (95.42%)
Job 0: Run AHK001.A0101 through kraken2 database w/bacteria, archaea, human	7408820 sequences (556.87 Mbp) processed in 9.587s (46366.6 Kseq/m, 3485.04 Mbp/m).	  36664 sequences classified (0.49%)	  7372156 sequences unclassified (99.51%)
Job 0: Run TON004.B0101 through kraken2 database w/bacteria, archaea, human	11770779 sequences (541.18 Mbp) processed in 16.400s (43065.0 Kseq/m, 1979.98 Mbp/m).	  87603 sequences classified (0.74%)	  11683176 sequences unclassified (99.26%)
Job 0: Run EXB037.A3001 through kraken2 database w/bacteria, archaea, human	1079621 sequences (73.99 Mbp) processed in 2.754s (23525.0 Kseq/m, 1612.22 Mbp/m).	  46934 sequences classified (4.35%)	  1032687 sequences unclassified (95.65%)
Job 0: Run HCLVMBCX2-3505-04-00-01_S4 through kraken2 database w/bacteria, archaea, human	5365772 sequences (279.66 Mbp) processed in 8.893s (36201.9 Kseq/m, 1886.84 Mbp/m).	  28140 sequences classified (0.52%)	  5337632 sequences unclassified (99.48%)
Job 0: Run NMU120.A0101 through kraken2 database w/bacteria, archaea, human	13762755 sequences (833.58 Mbp) processed in 30.292s (27260.3 Kseq/m, 1651.10 Mbp/m).	  613327 sequences classified (4.46%)	  13149428 sequences unclassified (95.54%)
Job 0: Run SIG034.A0101 through kraken2 database w/bacteria, archaea, human	12999306 sequences (1018.20 Mbp) processed in 31.657s (24638.0 Kseq/m, 1929.83 Mbp/m).	  315826 sequences classified (2.43%)	  12683480 sequences unclassified (97.57%)
Job 0: Run NMU121.A0101 through kraken2 database w/bacteria, archaea, human	11085379 sequences (740.07 Mbp) processed in 53.824s (12357.4 Kseq/m, 824.98 Mbp/m).	  463466 sequences classified (4.18%)	  10621913 sequences unclassified (95.82%)
Job 0: Run HPD006.B0101 through kraken2 database w/bacteria, archaea, human	10234180 sequences (633.36 Mbp) processed in 20.580s (29837.0 Kseq/m, 1846.52 Mbp/m).	  487022 sequences classified (4.76%)	  9747158 sequences unclassified (95.24%)
Job 0: Run HCLVMBCX2-3505-06-00-01_S6 through kraken2 database w/bacteria, archaea, human	24425308 sequences (1152.54 Mbp) processed in 86.693s (16904.7 Kseq/m, 797.67 Mbp/m).	  142382 sequences classified (0.58%)	  24282926 sequences unclassified (99.42%)
Job 0: Run HCLVMBCX2-3505-11-00-01_S11 through kraken2 database w/bacteria, archaea, human	3828369 sequences (153.41 Mbp) processed in 5.995s (38315.1 Kseq/m, 1535.38 Mbp/m).	  20414 sequences classified (0.53%)	  3807955 sequences unclassified (99.47%)
Job 0: Run PAH003.A0101 through kraken2 database w/bacteria, archaea, human	8792343 sequences (436.68 Mbp) processed in 14.616s (36093.5 Kseq/m, 1792.61 Mbp/m).	  56244 sequences classified (0.64%)	  8736099 sequences unclassified (99.36%)
Job 0: Run HCLVMBCX2-3505-13-00-01_S13 through kraken2 database w/bacteria, archaea, human	7379040 sequences (359.37 Mbp) processed in 11.395s (38852.6 Kseq/m, 1892.16 Mbp/m).	  89838 sequences classified (1.22%)	  7289202 sequences unclassified (98.78%)
Job 0: Run SIG044.A0101 through kraken2 database w/bacteria, archaea, human	9763853 sequences (631.31 Mbp) processed in 11.528s (50817.6 Kseq/m, 3285.74 Mbp/m).	  43888 sequences classified (0.45%)	  9719965 sequences unclassified (99.55%)
Job 0: Run PVD001.A0101 through kraken2 database w/bacteria, archaea, human	9403609 sequences (583.06 Mbp) processed in 50.903s (11084.1 Kseq/m, 687.26 Mbp/m).	  335422 sequences classified (3.57%)	  9068187 sequences unclassified (96.43%)
Job 0: Run LIB030.A0113 through kraken2 database w/bacteria, archaea, human	300619 sequences (19.50 Mbp) processed in 0.924s (19516.7 Kseq/m, 1266.06 Mbp/m).	  2932 sequences classified (0.98%)	  297687 sequences unclassified (99.02%)
Job 0: Run SIG038.A0101 through kraken2 database w/bacteria, archaea, human	6374984 sequences (502.60 Mbp) processed in 15.436s (24779.0 Kseq/m, 1953.55 Mbp/m).	  72049 sequences classified (1.13%)	  6302935 sequences unclassified (98.87%)
Job 0: Run AMH001.A0101 through kraken2 database w/bacteria, archaea, human	10782606 sequences (654.87 Mbp) processed in 19.263s (33584.8 Kseq/m, 2039.73 Mbp/m).	  484264 sequences classified (4.49%)	  10298342 sequences unclassified (95.51%)
Job 0: Run HCLVMBCX2-3505-20-00-01_S20 through kraken2 database w/bacteria, archaea, human	5771926 sequences (353.64 Mbp) processed in 11.730s (29523.2 Kseq/m, 1808.86 Mbp/m).	  92659 sequences classified (1.61%)	  5679267 sequences unclassified (98.39%)
Job 0: Run HCLVMBCX2-3505-12-00-01_S12 through kraken2 database w/bacteria, archaea, human	7967425 sequences (399.98 Mbp) processed in 12.222s (39112.2 Kseq/m, 1963.50 Mbp/m).	  108083 sequences classified (1.36%)	  7859342 sequences unclassified (98.64%)
Job 0: Run TON007.B0101 through kraken2 database w/bacteria, archaea, human	8192561 sequences (382.18 Mbp) processed in 11.105s (44264.2 Kseq/m, 2064.91 Mbp/m).	  75775 sequences classified (0.92%)	  8116786 sequences unclassified (99.08%)
Job 0: Run HCLVMBCX2-3505-16-00-01_S16 through kraken2 database w/bacteria, archaea, human	16428901 sequences (738.42 Mbp) processed in 30.703s (32105.0 Kseq/m, 1443.00 Mbp/m).	  101454 sequences classified (0.62%)	  16327447 sequences unclassified (99.38%)
Job 0: Run SIG024.A0101.SG1.1 through kraken2 database w/bacteria, archaea, human	4187442 sequences (240.33 Mbp) processed in 14.929s (16830.0 Kseq/m, 965.91 Mbp/m).	  3249 sequences classified (0.08%)	  4184193 sequences unclassified (99.92%)
Job 0: Run TON003.B0101 through kraken2 database w/bacteria, archaea, human	8926151 sequences (447.57 Mbp) processed in 9.553s (56065.4 Kseq/m, 2811.17 Mbp/m).	  79744 sequences classified (0.89%)	  8846407 sequences unclassified (99.11%)
Job 0: Run NMU116.A0101 through kraken2 database w/bacteria, archaea, human	5476007 sequences (329.01 Mbp) processed in 25.789s (12740.5 Kseq/m, 765.47 Mbp/m).	  27190 sequences classified (0.50%)	  5448817 sequences unclassified (99.50%)
Job 0: Run SIG001.A0101.SG1.1 through kraken2 database w/bacteria, archaea, human	4422287 sequences (232.80 Mbp) processed in 5.010s (52966.2 Kseq/m, 2788.27 Mbp/m).	  4432 sequences classified (0.10%)	  4417855 sequences unclassified (99.90%)
Job 0: Run PAH002.A0101 through kraken2 database w/bacteria, archaea, human	11357511 sequences (541.84 Mbp) processed in 19.123s (35635.0 Kseq/m, 1700.05 Mbp/m).	  69096 sequences classified (0.61%)	  11288415 sequences unclassified (99.39%)
Job 0: Run EFE003.B0101 through kraken2 database w/bacteria, archaea, human	10968084 sequences (620.80 Mbp) processed in 18.972s (34687.7 Kseq/m, 1963.35 Mbp/m).	  319305 sequences classified (2.91%)	  10648779 sequences unclassified (97.09%)
Job 0: Run HPD002.A0101.SG1.1 through kraken2 database w/bacteria, archaea, human	3109484 sequences (161.34 Mbp) processed in 3.272s (57027.9 Kseq/m, 2959.00 Mbp/m).	  8851 sequences classified (0.28%)	  3100633 sequences unclassified (99.72%)
Job 0: Run HCLVMBCX2-3505-27-00-01_S27 through kraken2 database w/bacteria, archaea, human	3627745 sequences (238.34 Mbp) processed in 8.146s (26719.2 Kseq/m, 1755.45 Mbp/m).	  144314 sequences classified (3.98%)	  3483431 sequences unclassified (96.02%)
Job 0: Run HCLVMBCX2-3505-23-00-01_S23 through kraken2 database w/bacteria, archaea, human	4713094 sequences (283.52 Mbp) processed in 21.798s (12973.2 Kseq/m, 780.42 Mbp/m).	  47391 sequences classified (1.01%)	  4665703 sequences unclassified (98.99%)
Job 0: Run HCLVMBCX2-3505-07-00-01_S7 through kraken2 database w/bacteria, archaea, human	7403907 sequences (311.55 Mbp) processed in 6.520s (68135.4 Kseq/m, 2867.09 Mbp/m).	  44901 sequences classified (0.61%)	  7359006 sequences unclassified (99.39%)
Job 0: Run SIG002.A0101.SG1.1 through kraken2 database w/bacteria, archaea, human	6208809 sequences (342.94 Mbp) processed in 8.595s (43342.2 Kseq/m, 2393.96 Mbp/m).	  4255 sequences classified (0.07%)	  6204554 sequences unclassified (99.93%)
Job 0: Run HCLVMBCX2-3505-33-00-01_S33 through kraken2 database w/bacteria, archaea, human	2118307 sequences (156.49 Mbp) processed in 9.143s (13901.6 Kseq/m, 1026.95 Mbp/m).	  9392 sequences classified (0.44%)	  2108915 sequences unclassified (99.56%)
Job 0: Run HCLVMBCX2-3505-21-00-01_S21 through kraken2 database w/bacteria, archaea, human	6259816 sequences (306.25 Mbp) processed in 13.493s (27835.1 Kseq/m, 1361.79 Mbp/m).	  142852 sequences classified (2.28%)	  6116964 sequences unclassified (97.72%)
Job 0: Run SIG040.A0201 through kraken2 database w/bacteria, archaea, human	13254203 sequences (962.58 Mbp) processed in 25.357s (31362.5 Kseq/m, 2277.69 Mbp/m).	  38620 sequences classified (0.29%)	  13215583 sequences unclassified (99.71%)
Job 0: Run SIG039.A0101 through kraken2 database w/bacteria, archaea, human	10763974 sequences (829.77 Mbp) processed in 28.775s (22444.3 Kseq/m, 1730.18 Mbp/m).	  30796 sequences classified (0.29%)	  10733178 sequences unclassified (99.71%)
Job 0: Run EXB037.A3201 through kraken2 database w/bacteria, archaea, human	1012764 sequences (62.92 Mbp) processed in 5.437s (11175.7 Kseq/m, 694.26 Mbp/m).	  10389 sequences classified (1.03%)	  1002375 sequences unclassified (98.97%)
Job 0: Run ANN001.A0101 through kraken2 database w/bacteria, archaea, human	8991662 sequences (548.85 Mbp) processed in 18.479s (29194.9 Kseq/m, 1782.07 Mbp/m).	  427300 sequences classified (4.75%)	  8564362 sequences unclassified (95.25%)
Job 0: Run NMU009.A0101.SG1.1 through kraken2 database w/bacteria, archaea, human	3932455 sequences (207.01 Mbp) processed in 14.984s (15746.8 Kseq/m, 828.95 Mbp/m).	  4702 sequences classified (0.12%)	  3927753 sequences unclassified (99.88%)
Job 0: Run HPD007.B0101 through kraken2 database w/bacteria, archaea, human	10556323 sequences (632.64 Mbp) processed in 19.160s (33057.2 Kseq/m, 1981.11 Mbp/m).	  381762 sequences classified (3.62%)	  10174561 sequences unclassified (96.38%)
Job 0: Run HCLVMBCX2-3505-18-00-01_S18 through kraken2 database w/bacteria, archaea, human	7419082 sequences (383.93 Mbp) processed in 15.566s (28596.6 Kseq/m, 1479.84 Mbp/m).	  81362 sequences classified (1.10%)	  7337720 sequences unclassified (98.90%)
Job 0: Run LIB030.A0112 through kraken2 database w/bacteria, archaea, human	648090 sequences (41.43 Mbp) processed in 1.672s (23258.0 Kseq/m, 1486.88 Mbp/m).	  5248 sequences classified (0.81%)	  642842 sequences unclassified (99.19%)
Job 0: Run NMU127.A0101 through kraken2 database w/bacteria, archaea, human	10067866 sequences (632.87 Mbp) processed in 19.888s (30373.1 Kseq/m, 1909.25 Mbp/m).	  429126 sequences classified (4.26%)	  9638740 sequences unclassified (95.74%)
Job 0: Run SIG037.A0101 through kraken2 database w/bacteria, archaea, human	11502465 sequences (794.56 Mbp) processed in 23.392s (29503.5 Kseq/m, 2038.01 Mbp/m).	  38812 sequences classified (0.34%)	  11463653 sequences unclassified (99.66%)
Job 0: Run SIG042.A0101 through kraken2 database w/bacteria, archaea, human	8521983 sequences (533.99 Mbp) processed in 13.299s (38448.9 Kseq/m, 2409.21 Mbp/m).	  73312 sequences classified (0.86%)	  8448671 sequences unclassified (99.14%)
Job 0: Run NMU001.A0101.SG1.1 through kraken2 database w/bacteria, archaea, human	4063051 sequences (218.98 Mbp) processed in 4.394s (55475.5 Kseq/m, 2989.82 Mbp/m).	  6259 sequences classified (0.15%)	  4056792 sequences unclassified (99.85%)
Job 0: Run FUT024.B0101 through kraken2 database w/bacteria, archaea, human	8353043 sequences (413.28 Mbp) processed in 15.868s (31583.8 Kseq/m, 1562.67 Mbp/m).	  115644 sequences classified (1.38%)	  8237399 sequences unclassified (98.62%)
Job 0: Run LIB027.A0136 through kraken2 database w/bacteria, archaea, human	182 sequences (0.01 Mbp) processed in 0.019s (581.3 Kseq/m, 39.10 Mbp/m).	  3 sequences classified (1.65%)	  179 sequences unclassified (98.35%)
Job 0: Run HCLVMBCX2-3505-26-00-01_S26 through kraken2 database w/bacteria, archaea, human	7124483 sequences (388.71 Mbp) processed in 13.488s (31692.4 Kseq/m, 1729.12 Mbp/m).	  129054 sequences classified (1.81%)	  6995429 sequences unclassified (98.19%)
Job 0: Run NMU067.A0101.SG1.1 through kraken2 database w/bacteria, archaea, human	3452812 sequences (156.98 Mbp) processed in 3.696s (56059.3 Kseq/m, 2548.78 Mbp/m).	  2994 sequences classified (0.09%)	  3449818 sequences unclassified (99.91%)
Job 0: Run RAP001.A0101 through kraken2 database w/bacteria, archaea, human	13800632 sequences (915.88 Mbp) processed in 28.921s (28630.6 Kseq/m, 1900.07 Mbp/m).	  722800 sequences classified (5.24%)	  13077832 sequences unclassified (94.76%)
Job 0: Run HCLVMBCX2-3505-22-00-01_S22 through kraken2 database w/bacteria, archaea, human	5574166 sequences (366.70 Mbp) processed in 10.755s (31096.3 Kseq/m, 2045.69 Mbp/m).	  54632 sequences classified (0.98%)	  5519534 sequences unclassified (99.02%)
Job 0: Run SIG031.A0101 through kraken2 database w/bacteria, archaea, human	11367781 sequences (754.77 Mbp) processed in 13.408s (50870.9 Kseq/m, 3377.61 Mbp/m).	  426787 sequences classified (3.75%)	  10940994 sequences unclassified (96.25%)
Job 0: Run AMH004.A0101 through kraken2 database w/bacteria, archaea, human	10105111 sequences (512.86 Mbp) processed in 17.032s (35597.9 Kseq/m, 1806.67 Mbp/m).	  195640 sequences classified (1.94%)	  9909471 sequences unclassified (98.06%)
Job 0: Run NMU115.A0101 through kraken2 database w/bacteria, archaea, human	10204581 sequences (617.44 Mbp) processed in 21.003s (29151.8 Kseq/m, 1763.85 Mbp/m).	  462999 sequences classified (4.54%)	  9741582 sequences unclassified (95.46%)
Job 0: Run NMU125.A0101 through kraken2 database w/bacteria, archaea, human	10609665 sequences (647.34 Mbp) processed in 22.637s (28121.7 Kseq/m, 1715.83 Mbp/m).	  403045 sequences classified (3.80%)	  10206620 sequences unclassified (96.20%)
Job 0: Run AON002.A0101 through kraken2 database w/bacteria, archaea, human	9506180 sequences (539.09 Mbp) processed in 28.708s (19867.8 Kseq/m, 1126.69 Mbp/m).	  273478 sequences classified (2.88%)	  9232702 sequences unclassified (97.12%)
Job 0: Run NMU021.A0101.SG1.1 through kraken2 database w/bacteria, archaea, human	3553033 sequences (169.06 Mbp) processed in 3.534s (60316.2 Kseq/m, 2869.99 Mbp/m).	  3288 sequences classified (0.09%)	  3549745 sequences unclassified (99.91%)
Job 0: Run TON006.B0101 through kraken2 database w/bacteria, archaea, human	9531461 sequences (434.35 Mbp) processed in 14.172s (40352.2 Kseq/m, 1838.87 Mbp/m).	  57758 sequences classified (0.61%)	  9473703 sequences unclassified (99.39%)
Job 0: Run NMU122.A0101 through kraken2 database w/bacteria, archaea, human	11904227 sequences (702.86 Mbp) processed in 13.720s (52057.9 Kseq/m, 3073.65 Mbp/m).	  382477 sequences classified (3.21%)	  11521750 sequences unclassified (96.79%)
Job 0: Run EFE005.B0101 through kraken2 database w/bacteria, archaea, human	11403800 sequences (699.25 Mbp) processed in 23.804s (28744.6 Kseq/m, 1762.53 Mbp/m).	  435482 sequences classified (3.82%)	  10968318 sequences unclassified (96.18%)
Job 0: Run SIG041.A0101 through kraken2 database w/bacteria, archaea, human	16238317 sequences (1259.83 Mbp) processed in 24.110s (40410.5 Kseq/m, 3135.20 Mbp/m).	  83199 sequences classified (0.51%)	  16155118 sequences unclassified (99.49%)
Job 0: Run LIB030.A0115 through kraken2 database w/bacteria, archaea, human	334028 sequences (20.54 Mbp) processed in 1.042s (19228.2 Kseq/m, 1182.60 Mbp/m).	  4255 sequences classified (1.27%)	  329773 sequences unclassified (98.73%)
Job 0: Run SIG005.A0101.SG1.1 through kraken2 database w/bacteria, archaea, human	3854453 sequences (194.77 Mbp) processed in 6.709s (34470.5 Kseq/m, 1741.86 Mbp/m).	  2134 sequences classified (0.06%)	  3852319 sequences unclassified (99.94%)
Job 0: Run NMU126.A0101 through kraken2 database w/bacteria, archaea, human	10600038 sequences (612.25 Mbp) processed in 20.426s (31136.7 Kseq/m, 1798.45 Mbp/m).	  381615 sequences classified (3.60%)	  10218423 sequences unclassified (96.40%)
Job 0: Run EFE002.B0101 through kraken2 database w/bacteria, archaea, human	11241222 sequences (649.55 Mbp) processed in 18.814s (35849.1 Kseq/m, 2071.46 Mbp/m).	  283934 sequences classified (2.53%)	  10957288 sequences unclassified (97.47%)
Job 0: Run HCLVMBCX2-3505-03-00-01_S3 through kraken2 database w/bacteria, archaea, human	5505887 sequences (242.40 Mbp) processed in 5.459s (60516.0 Kseq/m, 2664.30 Mbp/m).	  31451 sequences classified (0.57%)	  5474436 sequences unclassified (99.43%)
Job 0: Run HCLVMBCX2-3505-19-00-01_S19 through kraken2 database w/bacteria, archaea, human	6672605 sequences (436.04 Mbp) processed in 14.987s (26713.2 Kseq/m, 1745.65 Mbp/m).	  155757 sequences classified (2.33%)	  6516848 sequences unclassified (97.67%)
Job 0: Run EXB037.A2901 through kraken2 database w/bacteria, archaea, human	807271 sequences (55.44 Mbp) processed in 2.022s (23952.5 Kseq/m, 1644.84 Mbp/m).	  31129 sequences classified (3.86%)	  776142 sequences unclassified (96.14%)
Job 0: Run EXB037.A3101 through kraken2 database w/bacteria, archaea, human	4165581 sequences (282.33 Mbp) processed in 8.677s (28805.9 Kseq/m, 1952.40 Mbp/m).	  94125 sequences classified (2.26%)	  4071456 sequences unclassified (97.74%)
Job 0: Run EFE006.B0101 through kraken2 database w/bacteria, archaea, human	10894123 sequences (679.66 Mbp) processed in 57.651s (11337.9 Kseq/m, 707.35 Mbp/m).	  390918 sequences classified (3.59%)	  10503205 sequences unclassified (96.41%)
Job 0: Run SIG018.A0101.SG1.1 through kraken2 database w/bacteria, archaea, human	5121937 sequences (280.67 Mbp) processed in 9.332s (32930.6 Kseq/m, 1804.52 Mbp/m).	  4841 sequences classified (0.09%)	  5117096 sequences unclassified (99.91%)
Job 0: Run SIG032.A0101 through kraken2 database w/bacteria, archaea, human	11841156 sequences (743.90 Mbp) processed in 24.181s (29380.7 Kseq/m, 1845.78 Mbp/m).	  388452 sequences classified (3.28%)	  11452704 sequences unclassified (96.72%)
Job 0: Run HCLVMBCX2-3505-09-00-01_S9 through kraken2 database w/bacteria, archaea, human	17089823 sequences (852.62 Mbp) processed in 25.081s (40883.6 Kseq/m, 2039.71 Mbp/m).	  110372 sequences classified (0.65%)	  16979451 sequences unclassified (99.35%)
Job 0: Run SIG025.A0101.SG1.1 through kraken2 database w/bacteria, archaea, human	4287291 sequences (219.72 Mbp) processed in 6.798s (37839.4 Kseq/m, 1939.21 Mbp/m).	  2831 sequences classified (0.07%)	  4284460 sequences unclassified (99.93%)
Job 0: Run NMU117.A0101 through kraken2 database w/bacteria, archaea, human	11228631 sequences (716.05 Mbp) processed in 14.203s (47434.5 Kseq/m, 3024.90 Mbp/m).	  476790 sequences classified (4.25%)	  10751841 sequences unclassified (95.75%)
Job 0: Run NMU128.A0101 through kraken2 database w/bacteria, archaea, human	11332444 sequences (701.42 Mbp) processed in 13.662s (49769.3 Kseq/m, 3080.47 Mbp/m).	  422456 sequences classified (3.73%)	  10909988 sequences unclassified (96.27%)
Job 0: Run HCLVMBCX2-3505-15-00-01_S15 through kraken2 database w/bacteria, archaea, human	10687862 sequences (464.37 Mbp) processed in 48.513s (13218.5 Kseq/m, 574.32 Mbp/m).	  67769 sequences classified (0.63%)	  10620093 sequences unclassified (99.37%)
Job 0: Run ANN002.A0101 through kraken2 database w/bacteria, archaea, human	9655599 sequences (546.19 Mbp) processed in 17.674s (32778.4 Kseq/m, 1854.17 Mbp/m).	  384453 sequences classified (3.98%)	  9271146 sequences unclassified (96.02%)
Job 0: Run HCLVMBCX2-3505-05-00-01_S5 through kraken2 database w/bacteria, archaea, human	5510649 sequences (208.39 Mbp) processed in 15.417s (21446.8 Kseq/m, 811.03 Mbp/m).	  10687 sequences classified (0.19%)	  5499962 sequences unclassified (99.81%)
Job 0: Run AKI001.A0101 through kraken2 database w/bacteria, archaea, human	9145013 sequences (528.45 Mbp) processed in 26.001s (21103.3 Kseq/m, 1219.46 Mbp/m).	  114999 sequences classified (1.26%)	  9030014 sequences unclassified (98.74%)
Job 0: Run HCLVMBCX2-3505-31-00-01_S31 through kraken2 database w/bacteria, archaea, human	3956095 sequences (257.17 Mbp) processed in 9.589s (24754.0 Kseq/m, 1609.17 Mbp/m).	  70240 sequences classified (1.78%)	  3885855 sequences unclassified (98.22%)
Job 0: Run ATT001.A0101 through kraken2 database w/bacteria, archaea, human	12906203 sequences (895.09 Mbp) processed in 26.471s (29253.3 Kseq/m, 2028.81 Mbp/m).	  647692 sequences classified (5.02%)	  12258511 sequences unclassified (94.98%)
Job 0: Run HCLVMBCX2-3505-02-00-01_S2 through kraken2 database w/bacteria, archaea, human	4361811 sequences (202.68 Mbp) processed in 4.372s (59863.6 Kseq/m, 2781.61 Mbp/m).	  38489 sequences classified (0.88%)	  4323322 sequences unclassified (99.12%)
Job 0: Run SIG036.A0101 through kraken2 database w/bacteria, archaea, human	11658561 sequences (898.20 Mbp) processed in 24.255s (28840.5 Kseq/m, 2221.94 Mbp/m).	  58527 sequences classified (0.50%)	  11600034 sequences unclassified (99.50%)
Job 0: Run HPD004.A0101.SG1.1 through kraken2 database w/bacteria, archaea, human	3695221 sequences (189.59 Mbp) processed in 4.224s (52491.1 Kseq/m, 2693.13 Mbp/m).	  9440 sequences classified (0.26%)	  3685781 sequences unclassified (99.74%)
Job 0: Run NMU065.A0101.SG1.1 through kraken2 database w/bacteria, archaea, human	3516287 sequences (177.68 Mbp) processed in 5.273s (40008.9 Kseq/m, 2021.64 Mbp/m).	  3423 sequences classified (0.10%)	  3512864 sequences unclassified (99.90%)
Job 0: Run HCLVMBCX2-3505-08-00-01_S8 through kraken2 database w/bacteria, archaea, human	11373271 sequences (656.75 Mbp) processed in 13.194s (51721.3 Kseq/m, 2986.66 Mbp/m).	  135012 sequences classified (1.19%)	  11238259 sequences unclassified (98.81%)
Job 0: Run ANK001.A0101 through kraken2 database w/bacteria, archaea, human	10822436 sequences (754.15 Mbp) processed in 17.718s (36649.0 Kseq/m, 2553.83 Mbp/m).	  80518 sequences classified (0.74%)	  10741918 sequences unclassified (99.26%)
Job 0: Run SIG040.A0101 through kraken2 database w/bacteria, archaea, human	10423470 sequences (703.65 Mbp) processed in 21.861s (28608.6 Kseq/m, 1931.25 Mbp/m).	  24164 sequences classified (0.23%)	  10399306 sequences unclassified (99.77%)
Job 0: Run AMH003.A0101 through kraken2 database w/bacteria, archaea, human	8841875 sequences (548.01 Mbp) processed in 19.504s (27200.5 Kseq/m, 1685.85 Mbp/m).	  246802 sequences classified (2.79%)	  8595073 sequences unclassified (97.21%)
Job 0: Run FUT018.B0101 through kraken2 database w/bacteria, archaea, human	8642487 sequences (481.78 Mbp) processed in 11.856s (43738.4 Kseq/m, 2438.23 Mbp/m).	  13337 sequences classified (0.15%)	  8629150 sequences unclassified (99.85%)
Job 0: Run AMH002.A0101 through kraken2 database w/bacteria, archaea, human	10013875 sequences (555.83 Mbp) processed in 21.841s (27509.1 Kseq/m, 1526.93 Mbp/m).	  280111 sequences classified (2.80%)	  9733764 sequences unclassified (97.20%)
Job 0: Run SIG033.A0101 through kraken2 database w/bacteria, archaea, human	11503247 sequences (729.98 Mbp) processed in 23.560s (29295.6 Kseq/m, 1859.06 Mbp/m).	  368608 sequences classified (3.20%)	  11134639 sequences unclassified (96.80%)
Job 0: Run AON001.A0101 through kraken2 database w/bacteria, archaea, human	11021977 sequences (663.39 Mbp) processed in 18.838s (35105.6 Kseq/m, 2112.93 Mbp/m).	  267884 sequences classified (2.43%)	  10754093 sequences unclassified (97.57%)
